{
  "K": 10,
  "n_projects": 24,
  "macro_F1": {
    "baseline": 0.19376204659782434,
    "h14_old": 0.21771697381213612,
    "h14_new": 0.22136840205825925,
    "h14_dedup": 0.2003908109448189
  },
  "per_project": [
    {
      "project": "sherlock_cork-protocol_2025_01",
      "expected": 18,
      "is_h14_loser": false,
      "total_TP_available": 13,
      "tp@10_baseline": 6,
      "F1_baseline": 0.42857142857142855,
      "tp@10_baseline_dedup": 6,
      "F1_baseline_dedup": 0.42857142857142855,
      "tp@10_h14_old": 3,
      "F1_h14_old": 0.21428571428571427,
      "tp@10_h14_new": 3,
      "F1_h14_new": 0.21428571428571427,
      "tp@10_h14_dedup": 4,
      "F1_h14_dedup": 0.2857142857142857,
      "tp@10_inv_eig": 3,
      "F1_inv_eig": 0.21428571428571427,
      "tp@10_inv_deg": 3,
      "F1_inv_deg": 0.21428571428571427,
      "tp@10_closeness": 4,
      "F1_closeness": 0.2857142857142857
    },
    {
      "project": "sherlock_symmio_2025_03",
      "expected": 6,
      "is_h14_loser": true,
      "total_TP_available": 2,
      "tp@10_baseline": 2,
      "F1_baseline": 0.25,
      "tp@10_baseline_dedup": 2,
      "F1_baseline_dedup": 0.25,
      "tp@10_h14_old": 1,
      "F1_h14_old": 0.125,
      "tp@10_h14_new": 1,
      "F1_h14_new": 0.125,
      "tp@10_h14_dedup": 1,
      "F1_h14_dedup": 0.125,
      "tp@10_inv_eig": 2,
      "F1_inv_eig": 0.25,
      "tp@10_inv_deg": 1,
      "F1_inv_deg": 0.125,
      "tp@10_closeness": 1,
      "F1_closeness": 0.125
    },
    {
      "project": "code4rena_iq-ai_2025_03",
      "expected": 9,
      "is_h14_loser": false,
      "total_TP_available": 2,
      "tp@10_baseline": 1,
      "F1_baseline": 0.10526315789473685,
      "tp@10_baseline_dedup": 1,
      "F1_baseline_dedup": 0.10526315789473685,
      "tp@10_h14_old": 1,
      "F1_h14_old": 0.10526315789473685,
      "tp@10_h14_new": 1,
      "F1_h14_new": 0.10526315789473685,
      "tp@10_h14_dedup": 0,
      "F1_h14_dedup": 0.0,
      "tp@10_inv_eig": 1,
      "F1_inv_eig": 0.10526315789473685,
      "tp@10_inv_deg": 1,
      "F1_inv_deg": 0.10526315789473685,
      "tp@10_closeness": 1,
      "F1_closeness": 0.10526315789473685
    },
    {
      "project": "code4rena_kinetiq_2025_07",
      "expected": 25,
      "is_h14_loser": true,
      "total_TP_available": 7,
      "tp@10_baseline": 5,
      "F1_baseline": 0.28571428571428575,
      "tp@10_baseline_dedup": 5,
      "F1_baseline_dedup": 0.28571428571428575,
      "tp@10_h14_old": 5,
      "F1_h14_old": 0.28571428571428575,
      "tp@10_h14_new": 5,
      "F1_h14_new": 0.28571428571428575,
      "tp@10_h14_dedup": 4,
      "F1_h14_dedup": 0.22857142857142856,
      "tp@10_inv_eig": 2,
      "F1_inv_eig": 0.11428571428571428,
      "tp@10_inv_deg": 2,
      "F1_inv_deg": 0.11428571428571428,
      "tp@10_closeness": 5,
      "F1_closeness": 0.28571428571428575
    },
    {
      "project": "code4rena_blackhole_2025_07",
      "expected": 37,
      "is_h14_loser": true,
      "total_TP_available": 24,
      "tp@10_baseline": 3,
      "F1_baseline": 0.12765957446808512,
      "tp@10_baseline_dedup": 3,
      "F1_baseline_dedup": 0.12765957446808512,
      "tp@10_h14_old": 2,
      "F1_h14_old": 0.0851063829787234,
      "tp@10_h14_new": 2,
      "F1_h14_new": 0.0851063829787234,
      "tp@10_h14_dedup": 2,
      "F1_h14_dedup": 0.0851063829787234,
      "tp@10_inv_eig": 3,
      "F1_inv_eig": 0.12765957446808512,
      "tp@10_inv_deg": 3,
      "F1_inv_deg": 0.12765957446808512,
      "tp@10_closeness": 2,
      "F1_closeness": 0.0851063829787234
    },
    {
      "project": "cantina_minimal-delegation_2025_04",
      "expected": 17,
      "is_h14_loser": false,
      "total_TP_available": 3,
      "tp@10_baseline": 3,
      "F1_baseline": 0.22222222222222224,
      "tp@10_baseline_dedup": 3,
      "F1_baseline_dedup": 0.22222222222222224,
      "tp@10_h14_old": 3,
      "F1_h14_old": 0.22222222222222224,
      "tp@10_h14_new": 3,
      "F1_h14_new": 0.22222222222222224,
      "tp@10_h14_dedup": 3,
      "F1_h14_dedup": 0.22222222222222224,
      "tp@10_inv_eig": 3,
      "F1_inv_eig": 0.22222222222222224,
      "tp@10_inv_deg": 3,
      "F1_inv_deg": 0.22222222222222224,
      "tp@10_closeness": 3,
      "F1_closeness": 0.22222222222222224
    },
    {
      "project": "cantina_smart-contract-audit-of-tn-contracts_2025_08",
      "expected": 23,
      "is_h14_loser": true,
      "total_TP_available": 5,
      "tp@10_baseline": 4,
      "F1_baseline": 0.24242424242424243,
      "tp@10_baseline_dedup": 4,
      "F1_baseline_dedup": 0.24242424242424243,
      "tp@10_h14_old": 4,
      "F1_h14_old": 0.24242424242424243,
      "tp@10_h14_new": 5,
      "F1_h14_new": 0.30303030303030304,
      "tp@10_h14_dedup": 4,
      "F1_h14_dedup": 0.24242424242424243,
      "tp@10_inv_eig": 5,
      "F1_inv_eig": 0.30303030303030304,
      "tp@10_inv_deg": 5,
      "F1_inv_deg": 0.30303030303030304,
      "tp@10_closeness": 5,
      "F1_closeness": 0.30303030303030304
    },
    {
      "project": "code4rena_bakerfi-invitational_2025_02",
      "expected": 32,
      "is_h14_loser": true,
      "total_TP_available": 14,
      "tp@10_baseline": 3,
      "F1_baseline": 0.14285714285714285,
      "tp@10_baseline_dedup": 4,
      "F1_baseline_dedup": 0.19047619047619047,
      "tp@10_h14_old": 4,
      "F1_h14_old": 0.19047619047619047,
      "tp@10_h14_new": 4,
      "F1_h14_new": 0.19047619047619047,
      "tp@10_h14_dedup": 3,
      "F1_h14_dedup": 0.14285714285714285,
      "tp@10_inv_eig": 1,
      "F1_inv_eig": 0.047619047619047616,
      "tp@10_inv_deg": 1,
      "F1_inv_deg": 0.047619047619047616,
      "tp@10_closeness": 4,
      "F1_closeness": 0.19047619047619047
    },
    {
      "project": "code4rena_forte-float128-solidity-library_2025_04",
      "expected": 12,
      "is_h14_loser": false,
      "total_TP_available": 6,
      "tp@10_baseline": 6,
      "F1_baseline": 0.6,
      "tp@10_baseline_dedup": 6,
      "F1_baseline_dedup": 0.6,
      "tp@10_h14_old": 6,
      "F1_h14_old": 0.6,
      "tp@10_h14_new": 6,
      "F1_h14_new": 0.6,
      "tp@10_h14_dedup": 6,
      "F1_h14_dedup": 0.6,
      "tp@10_inv_eig": 6,
      "F1_inv_eig": 0.6,
      "tp@10_inv_deg": 6,
      "F1_inv_deg": 0.6,
      "tp@10_closeness": 6,
      "F1_closeness": 0.6
    },
    {
      "project": "code4rena_lambowin_2025_02",
      "expected": 14,
      "is_h14_loser": false,
      "total_TP_available": 5,
      "tp@10_baseline": 3,
      "F1_baseline": 0.25,
      "tp@10_baseline_dedup": 3,
      "F1_baseline_dedup": 0.25,
      "tp@10_h14_old": 3,
      "F1_h14_old": 0.25,
      "tp@10_h14_new": 3,
      "F1_h14_new": 0.25,
      "tp@10_h14_dedup": 3,
      "F1_h14_dedup": 0.25,
      "tp@10_inv_eig": 5,
      "F1_inv_eig": 0.41666666666666663,
      "tp@10_inv_deg": 5,
      "F1_inv_deg": 0.41666666666666663,
      "tp@10_closeness": 3,
      "F1_closeness": 0.25
    },
    {
      "project": "code4rena_next-generation_2025_05",
      "expected": 14,
      "is_h14_loser": false,
      "total_TP_available": 3,
      "tp@10_baseline": 3,
      "F1_baseline": 0.25,
      "tp@10_baseline_dedup": 3,
      "F1_baseline_dedup": 0.25,
      "tp@10_h14_old": 3,
      "F1_h14_old": 0.25,
      "tp@10_h14_new": 3,
      "F1_h14_new": 0.25,
      "tp@10_h14_dedup": 3,
      "F1_h14_dedup": 0.25,
      "tp@10_inv_eig": 3,
      "F1_inv_eig": 0.25,
      "tp@10_inv_deg": 3,
      "F1_inv_deg": 0.25,
      "tp@10_closeness": 3,
      "F1_closeness": 0.25
    },
    {
      "project": "code4rena_superposition_2025_01",
      "expected": 11,
      "is_h14_loser": false,
      "total_TP_available": 1,
      "tp@10_baseline": 1,
      "F1_baseline": 0.09999999999999999,
      "tp@10_baseline_dedup": 1,
      "F1_baseline_dedup": 0.09999999999999999,
      "tp@10_h14_old": 1,
      "F1_h14_old": 0.09999999999999999,
      "tp@10_h14_new": 1,
      "F1_h14_new": 0.09999999999999999,
      "tp@10_h14_dedup": 1,