{
  "results": {
    "LogisticRegression": {
      "top1": 0.8777853725222146,
      "top2": 0.9366142629300522,
      "avg_cost": 0.7192412850307587,
      "per_class_precision": [
        0.982548130626191,
        0.7060126148361443,
        0.43,
        0.0
      ],
      "per_class_recall": [
        0.8705882352941178,
        0.9253561253561253,
        0.7333333333333333,
        0.0
      ],
      "per_class_f1": [
        0.9229899112372111,
        0.8004096857111584,
        0.5251082251082251,
        0.0
      ]
    },
    "GradientBoosting": {
      "top1": 0.8929368876737298,
      "top2": 0.9728639781271362,
      "avg_cost": 0.23369788106630213,
      "per_class_precision": [
        0.9059767729721857,
        0.891913043478261,
        0.0,
        0.0
      ],
      "per_class_recall": [
        0.9627450980392156,
        0.7535612535612536,
        0.0,
        0.0
      ],
      "per_class_f1": [
        0.9333985896528384,
        0.8156020066889631,
        0.0,
        0.0
      ]
    },
    "RandomForest": {
      "top1": 0.8944178628389154,
      "top2": 0.9834016860332649,
      "avg_cost": 0.7886990202779677,
      "per_class_precision": [
        0.9281405063523451,
        0.7835413245758073,
        0.2,
        0.0
      ],
      "per_class_recall": [
        0.9352941176470588,
        0.8575498575498575,
        0.05,
        0.0
      ],
      "per_class_f1": [
        0.93148902888802,
        0.8164768112457302,
        0.08,
        0.0
      ]
    }
  },
  "winner": "RandomForest",
  "top1": 0.8944178628389154,
  "top2": 0.9834016860332649,
  "avg_cost": 0.7886990202779677,
  "n_samples": 663,
  "classes": [
    "slither_will_catch",
    "halmos_will_decide",
    "tlc_will_decide",
    "human_only"
  ]
}